"","timeC","obsC","timeE","obsE"
"1",2013,14.4,2013,1.86666666666667
"2",2014,13.2,2014,2.77348484848485
"3",2015,28.4,2015,1.05880281690141
"4",2016,34.6,2016,0.888728323699422
"5",2017,37.5,2017,0.622933333333333
"6",2018,25.9,2018,0.863320463320463
"7",2019,25.3,2019,0.86600790513834
